BEGIN TRANSACTION;
;
;
;
CREATE TABLE IF NOT EXISTS "typedevices" (
	"typedevice_id"	INTEGER NOT NULL UNIQUE,
	"typedevice"	VARCHAR NOT NULL UNIQUE,
	"descriptor"	VARCHAR UNIQUE,
	PRIMARY KEY("typedevice_id" AUTOINCREMENT)
);
;
CREATE TABLE IF NOT EXISTS "technology" (
	"technology_id"	INTEGER NOT NULL UNIQUE,
	"mnemonic_id"	INTEGER NOT NULL UNIQUE,
	"orderby"	INTEGER NOT NULL UNIQUE,
	FOREIGN KEY("mnemonic_id") REFERENCES "mnemonics"("mnemonic_id") ON DELETE RESTRICT ON UPDATE CASCADE,
	PRIMARY KEY("technology_id")
);
INSERT INTO "mnemonic_synonyms" VALUES (1,5,'гамма, мкР/ч');
INSERT INTO "mnemonic_synonyms" VALUES (2,5,'Гамма-активность, мкР/ч');
INSERT INTO "mnemonic_synonyms" VALUES (4,6,'гамма, API');
INSERT INTO "mnemonic_synonyms" VALUES (6,12,'flt C 36''''_M4_PD res');
INSERT INTO "mnemonic_synonyms" VALUES (7,12,'400K_pd36_FT_d1');
INSERT INTO "mnemonic_synonyms" VALUES (8,12,'36''''_M4_PD code');
INSERT INTO "mnemonic_synonyms" VALUES (9,14,'flt C 36''''_M4_AT res');
INSERT INTO "mnemonic_synonyms" VALUES (10,14,'400K_at36_FT_d1');
INSERT INTO "mnemonic_synonyms" VALUES (11,14,'36''''_M4_AT code');
INSERT INTO "mnemonic_synonyms" VALUES (12,7,'flt C 22''''_2M_PD res');
INSERT INTO "mnemonic_synonyms" VALUES (13,7,'2M_pd18_NT_d2');
INSERT INTO "mnemonic_synonyms" VALUES (14,7,'22''''_2M_PD code');
INSERT INTO "mnemonic_synonyms" VALUES (15,9,'flt C 22''''_2M_AT res');
INSERT INTO "mnemonic_synonyms" VALUES (16,9,'2M_at18_NT_d2');
INSERT INTO "mnemonic_synonyms" VALUES (17,9,'22''''_2M_AT code');
INSERT INTO "mnemonic_synonyms" VALUES (18,8,'flt C 36''''_2M_PD res');
INSERT INTO "mnemonic_synonyms" VALUES (19,8,'36''''_2M_PD code');
INSERT INTO "mnemonic_synonyms" VALUES (20,10,'flt C 36''''_2M_AT res');
INSERT INTO "mnemonic_synonyms" VALUES (21,10,'36''''_2M_AT code');
INSERT INTO "mnemonic_synonyms" VALUES (22,11,'flt C 22''''_M4_PD res');
INSERT INTO "mnemonic_synonyms" VALUES (23,11,'22''''_M4_PD code');
INSERT INTO "mnemonic_synonyms" VALUES (24,13,'flt C 22''''_M4_AT res');
INSERT INTO "mnemonic_synonyms" VALUES (25,13,'22''''_M4_AT code');
INSERT INTO "mnemonic_synonyms" VALUES (26,15,'diameter th1');
INSERT INTO "mnemonic_synonyms" VALUES (27,16,'diameter th2');
INSERT INTO "mnemonic_synonyms" VALUES (28,17,'diameter th3');
INSERT INTO "mnemonic_synonyms" VALUES (29,18,'d1.1');
INSERT INTO "mnemonic_synonyms" VALUES (30,19,'d1.3');
INSERT INTO "mnemonic_synonyms" VALUES (31,20,'d2.1');
INSERT INTO "mnemonic_synonyms" VALUES (32,21,'d2.3');
INSERT INTO "mnemonic_synonyms" VALUES (33,22,'board T');
INSERT INTO "mnemonic_synonyms" VALUES (34,29,'TNGP');
INSERT INTO "mnemonic_synonyms" VALUES (35,29,'NGK пористость, %');
INSERT INTO "mnemonic_synonyms" VALUES (36,29,'NNGK');
INSERT INTO "mnemonic_synonyms" VALUES (37,30,'TRNP');
INSERT INTO "mnemonic_synonyms" VALUES (38,30,'NNK пористость, %');
INSERT INTO "mnemonic_synonyms" VALUES (39,30,'NNNK');
INSERT INTO "mnemonic_synonyms" VALUES (40,36,'spec T');
INSERT INTO "mnemonic_synonyms" VALUES (41,36,'Гамма-Th, ppm');
INSERT INTO "mnemonic_synonyms" VALUES (42,37,'spec U');
INSERT INTO "mnemonic_synonyms" VALUES (43,37,'Гамма-U,  ppm');
INSERT INTO "mnemonic_synonyms" VALUES (44,38,'spec K');
INSERT INTO "mnemonic_synonyms" VALUES (45,38,'Гамма-K,  %');
INSERT INTO "mnemonic_synonyms" VALUES (46,40,'DB1');
INSERT INTO "mnemonic_synonyms" VALUES (47,41,'DB2');
INSERT INTO "mnemonic_synonyms" VALUES (48,42,'DB3');
INSERT INTO "mnemonic_synonyms" VALUES (49,43,'DB4');
INSERT INTO "mnemonic_synonyms" VALUES (50,44,'DB5');
INSERT INTO "mnemonic_synonyms" VALUES (51,45,'DB6');
INSERT INTO "mnemonic_synonyms" VALUES (52,46,'DB7');
INSERT INTO "mnemonic_synonyms" VALUES (53,47,'DB8');
INSERT INTO "mnemonic_synonyms" VALUES (54,48,'DB9');
INSERT INTO "mnemonic_synonyms" VALUES (55,49,'DB10');
INSERT INTO "mnemonic_synonyms" VALUES (56,50,'DB11');
INSERT INTO "mnemonic_synonyms" VALUES (57,51,'DB12');
INSERT INTO "mnemonic_synonyms" VALUES (58,52,'DB13');
INSERT INTO "mnemonic_synonyms" VALUES (59,53,'DB14');
INSERT INTO "mnemonic_synonyms" VALUES (60,54,'DB15');
INSERT INTO "mnemonic_synonyms" VALUES (61,55,'DB16');
INSERT INTO "mnemonic_synonyms" VALUES (62,40,'fltARH0');
INSERT INTO "mnemonic_synonyms" VALUES (63,41,'fltARH1');
INSERT INTO "mnemonic_synonyms" VALUES (64,42,'fltARH2');
INSERT INTO "mnemonic_synonyms" VALUES (65,43,'fltARH3');
INSERT INTO "mnemonic_synonyms" VALUES (66,44,'fltARH4');
INSERT INTO "mnemonic_synonyms" VALUES (67,45,'fltARH5');
INSERT INTO "mnemonic_synonyms" VALUES (68,46,'fltARH6');
INSERT INTO "mnemonic_synonyms" VALUES (69,47,'fltARH7');
INSERT INTO "mnemonic_synonyms" VALUES (70,48,'fltARH8');
INSERT INTO "mnemonic_synonyms" VALUES (71,49,'fltARH9');
INSERT INTO "mnemonic_synonyms" VALUES (72,50,'fltARH10');
INSERT INTO "mnemonic_synonyms" VALUES (73,51,'fltARH11');
INSERT INTO "mnemonic_synonyms" VALUES (74,52,'fltARH12');
INSERT INTO "mnemonic_synonyms" VALUES (75,53,'fltARH13');
INSERT INTO "mnemonic_synonyms" VALUES (76,54,'fltARH14');
INSERT INTO "mnemonic_synonyms" VALUES (77,55,'fltARH15');
INSERT INTO "mnemonic_synonyms" VALUES (78,72,'flt гамма  1, API');
INSERT INTO "mnemonic_synonyms" VALUES (79,73,'flt гамма  2, API');
INSERT INTO "mnemonic_synonyms" VALUES (80,74,'flt гамма  3, API');
INSERT INTO "mnemonic_synonyms" VALUES (81,75,'flt гамма  4, API');
INSERT INTO "mnemonic_synonyms" VALUES (82,76,'flt гамма  5, API');
INSERT INTO "mnemonic_synonyms" VALUES (83,77,'flt гамма  6, API');
INSERT INTO "mnemonic_synonyms" VALUES (84,78,'flt гамма  7, API');
INSERT INTO "mnemonic_synonyms" VALUES (85,79,'flt гамма  8, API');
INSERT INTO "mnemonic_synonyms" VALUES (86,80,'flt гамма  9, API');
INSERT INTO "mnemonic_synonyms" VALUES (87,81,'flt гамма 10, API');
INSERT INTO "mnemonic_synonyms" VALUES (88,82,'flt гамма 11, API');
INSERT INTO "mnemonic_synonyms" VALUES (89,83,'flt гамма 12, API');
INSERT INTO "mnemonic_synonyms" VALUES (90,84,'flt гамма 13, API');
INSERT INTO "mnemonic_synonyms" VALUES (91,85,'flt гамма 14, API');
INSERT INTO "mnemonic_synonyms" VALUES (92,86,'flt гамма 15, API');
INSERT INTO "mnemonic_synonyms" VALUES (93,87,'flt гамма 16, API');
INSERT INTO "mnemonic_synonyms" VALUES (94,72,'flt гамма  1, мкР/ч');
INSERT INTO "mnemonic_synonyms" VALUES (95,73,'flt гамма  2, мкР/ч');
INSERT INTO "mnemonic_synonyms" VALUES (96,74,'flt гамма  3, мкР/ч');
INSERT INTO "mnemonic_synonyms" VALUES (97,75,'flt гамма  4, мкР/ч');
INSERT INTO "mnemonic_synonyms" VALUES (98,76,'flt гамма  5, мкР/ч');
INSERT INTO "mnemonic_synonyms" VALUES (99,77,'flt гамма  6, мкР/ч');
INSERT INTO "mnemonic_synonyms" VALUES (100,78,'flt гамма  7, мкР/ч');
INSERT INTO "mnemonic_synonyms" VALUES (101,79,'flt гамма  8, мкР/ч');
INSERT INTO "mnemonic_synonyms" VALUES (102,80,'flt гамма  9, мкР/ч');
INSERT INTO "mnemonic_synonyms" VALUES (103,81,'flt гамма 10, мкР/ч');
INSERT INTO "mnemonic_synonyms" VALUES (104,82,'flt гамма 11, мкР/ч');
INSERT INTO "mnemonic_synonyms" VALUES (105,83,'flt гамма 12, мкР/ч');
INSERT INTO "mnemonic_synonyms" VALUES (106,84,'flt гамма 13, мкР/ч');
INSERT INTO "mnemonic_synonyms" VALUES (107,85,'flt гамма 14, мкР/ч');
INSERT INTO "mnemonic_synonyms" VALUES (108,86,'flt гамма 15, мкР/ч');
INSERT INTO "mnemonic_synonyms" VALUES (109,87,'flt гамма 16, мкР/ч');
INSERT INTO "mnemonic_synonyms" VALUES (110,23,'RPI');
INSERT INTO "mnemonic_synonyms" VALUES (111,23,'давление внутритрубное, атм');
INSERT INTO "mnemonic_synonyms" VALUES (112,24,'RPO');
INSERT INTO "mnemonic_synonyms" VALUES (113,24,'давление затрубное, атм');
INSERT INTO "mnemonic_synonyms" VALUES (114,105,'счёт 3 БЗ');
INSERT INTO "mnemonic_synonyms" VALUES (115,106,'счёт 1 МЗ');
INSERT INTO "typedevices" VALUES (0,'Неизвестно','UNKNOWN');
INSERT INTO "typedevices" VALUES (1,'Технология','TECHNOLOGY');
INSERT INTO "typedevices" VALUES (2,'Гамма','GAMMA_RAY_LOGGING');
INSERT INTO "typedevices" VALUES (3,'Резистивиметр','RESISTIVITY_METER');
INSERT INTO "typedevices" VALUES (4,'Инклинометр','INCLINOMETER');
INSERT INTO "typedevices" VALUES (5,'Нейтронник','NEUTRON_LOGGING');
INSERT INTO "typedevices" VALUES (6,'Литоплотностной','LITHO_LOGGING');
INSERT INTO "typedevices" VALUES (7,'МГП','MGP');
INSERT INTO "typedevices" VALUES (8,'НДМ','NB');
INSERT INTO "mnemonics" VALUES (1,'MTF','°','Магнитный угол отклонителя',4,NULL);
INSERT INTO "mnemonics" VALUES (2,'GTF','°','Гравитационный угол отклонителя',4,NULL);
INSERT INTO "mnemonics" VALUES (3,'INC','°','Зенитный угол',4,NULL);
INSERT INTO "mnemonics" VALUES (4,'AZI','°','Азимут',4,NULL);
INSERT INTO "mnemonics" VALUES (5,'GR','мкР/ч','Гамма-активность',2,NULL);
INSERT INTO "mnemonics" VALUES (6,'GRAPI','API','Гамма-активность в API',2,NULL);
INSERT INTO "mnemonics" VALUES (7,'2MPD22','Ом*м','2 МГц Разность фаз 22"',3,NULL);
INSERT INTO "mnemonics" VALUES (8,'2MPD36','Ом*м','2 МГц Разность фаз 36"',3,NULL);
INSERT INTO "mnemonics" VALUES (9,'2MAT22','Ом*м','2 МГц Затухание амплитуд 22"',3,NULL);
INSERT INTO "mnemonics" VALUES (10,'2MAT36','Ом*м','2 МГц Затухание амплитуд 36"',3,NULL);
INSERT INTO "mnemonics" VALUES (11,'M4PD22','Ом*м','400 кГц Разность фаз 22"',3,'');
INSERT INTO "mnemonics" VALUES (12,'M4PD36','Ом*м','400 кГц Разность фаз 36"',3,NULL);
INSERT INTO "mnemonics" VALUES (13,'M4AT22','Ом*м','400 кГц Затухание амплитуд 22"',3,NULL);
INSERT INTO "mnemonics" VALUES (14,'M4AT36','Ом*м','400 кГц Затухание амплитуд 36"',3,NULL);
INSERT INTO "mnemonics" VALUES (15,'KAVU1','мм','Диаметр скважины 1 (усредненный)',3,NULL);
INSERT INTO "mnemonics" VALUES (16,'KAVU2','мм','Диаметр скважины 2 (усредненный)',3,NULL);
INSERT INTO "mnemonics" VALUES (17,'KAVU3','мм','Диаметр скважины 3 (усредненный)',3,NULL);
INSERT INTO "mnemonics" VALUES (18,'KAVU1.1','мм','Диаметр скважины',3,NULL);
INSERT INTO "mnemonics" VALUES (19,'KAVU1.3','мм','Диаметр скважины',3,NULL);
INSERT INTO "mnemonics" VALUES (20,'KAVU2.1','мм','Диаметр скважины',3,NULL);
INSERT INTO "mnemonics" VALUES (21,'KAVU2.3','мм','Диаметр скважины',3,NULL);
INSERT INTO "mnemonics" VALUES (22,'TEMPR','C','Температура',3,NULL);
INSERT INTO "mnemonics" VALUES (23,'RPBOR','атм','Внутритрубное давление',3,NULL);
INSERT INTO "mnemonics" VALUES (24,'RPANN','атм','Затрубное давление',3,NULL);
INSERT INTO "mnemonics" VALUES (25,'PANNAV','атм','Усредненное затрубное давление',3,NULL);
INSERT INTO "mnemonics" VALUES (26,'WII','%','Водоросодержание',6,NULL);
INSERT INTO "mnemonics" VALUES (27,'MTFF','°','Магнитный угол отклонителя (быстрый)',4,NULL);
INSERT INTO "mnemonics" VALUES (28,'GTFF','°','Гравитационный угол отклонителя (быстрый)',4,NULL);
INSERT INTO "mnemonics" VALUES (29,'KPNGK','%','Пористость по данным НГК',5,NULL);
INSERT INTO "mnemonics" VALUES (30,'KPNNKT','%','Пористость по данным 2ННКт',5,NULL);
INSERT INTO "mnemonics" VALUES (31,'FTNL','усл.ед','Показания 2ННКт-БЗ',5,NULL);
INSERT INTO "mnemonics" VALUES (32,'NTNL','усл.ед','Показания 2ННКт-МЗ',5,NULL);
INSERT INTO "mnemonics" VALUES (33,'RFTN','имп/мин','Скорость счета 2ННКт-БЗ',5,NULL);
INSERT INTO "mnemonics" VALUES (34,'RNTN','имп/мин','Скорость счета 2ННКт-МЗ',5,NULL);
INSERT INTO "mnemonics" VALUES (35,'FNGL','усл.ед','Показания НГК',5,NULL);
INSERT INTO "mnemonics" VALUES (36,'SGRT','ppm','Содержание тория',2,NULL);
INSERT INTO "mnemonics" VALUES (37,'SGRU','ppm','Содержание урана',2,NULL);
INSERT INTO "mnemonics" VALUES (38,'SGRK','%','Содержание калия',2,NULL);
INSERT INTO "mnemonics" VALUES (40,'ARH01','г/см3','Азимутальный плотностной имидж (сектор 1)',6,107);
INSERT INTO "mnemonics" VALUES (41,'ARH02','г/см3','Азимутальный плотностной имидж (сектор 2)',6,107);
INSERT INTO "mnemonics" VALUES (42,'ARH03','г/см3','Азимутальный плотностной имидж (сектор 3)',6,107);
INSERT INTO "mnemonics" VALUES (43,'ARH04','г/см3','Азимутальный плотностной имидж (сектор 4)',6,107);
INSERT INTO "mnemonics" VALUES (44,'ARH05','г/см3','Азимутальный плотностной имидж (сектор 5)',6,107);
INSERT INTO "mnemonics" VALUES (45,'ARH06','г/см3','Азимутальный плотностной имидж (сектор 6)',6,107);
INSERT INTO "mnemonics" VALUES (46,'ARH07','г/см3','Азимутальный плотностной имидж (сектор 7)',6,107);
INSERT INTO "mnemonics" VALUES (47,'ARH08','г/см3','Азимутальный плотностной имидж (сектор 8)',6,107);
INSERT INTO "mnemonics" VALUES (48,'ARH09','г/см3','Азимутальный плотностной имидж (сектор 9)',6,107);
INSERT INTO "mnemonics" VALUES (49,'ARH10','г/см3','Азимутальный плотностной имидж (сектор 10)',6,107);
INSERT INTO "mnemonics" VALUES (50,'ARH11','г/см3','Азимутальный плотностной имидж (сектор 11)',6,107);
INSERT INTO "mnemonics" VALUES (51,'ARH12','г/см3','Азимутальный плотностной имидж (сектор 12)',6,107);
INSERT INTO "mnemonics" VALUES (52,'ARH13','г/см3','Азимутальный плотностной имидж (сектор 13)',6,107);
INSERT INTO "mnemonics" VALUES (53,'ARH14','г/см3','Азимутальный плотностной имидж (сектор 14)',6,107);
INSERT INTO "mnemonics" VALUES (54,'ARH15','г/см3','Азимутальный плотностной имидж (сектор 15)',6,107);
INSERT INTO "mnemonics" VALUES (55,'ARH16','г/см3','Азимутальный плотностной имидж (сектор 16)',6,107);
INSERT INTO "mnemonics" VALUES (56,'ARH1','г/см3','Азимутальный плотностной имидж (1+2)',6,1);
INSERT INTO "mnemonics" VALUES (57,'ARH2','г/см3','Азимутальный плотностной имидж (3+4)',6,108);
INSERT INTO "mnemonics" VALUES (58,'ARH3','г/см3','Азимутальный плотностной имидж (5+6)',6,108);
INSERT INTO "mnemonics" VALUES (59,'ARH4','г/см3','Азимутальный плотностной имидж (7+8)',6,108);
INSERT INTO "mnemonics" VALUES (60,'ARH5','г/см3','Азимутальный плотностной имидж (9+10)',6,108);
INSERT INTO "mnemonics" VALUES (61,'ARH6','г/см3','Азимутальный плотностной имидж (11+12)',6,108);
INSERT INTO "mnemonics" VALUES (62,'ARH7','г/см3','Азимутальный плотностной имидж (13+14)',6,108);
INSERT INTO "mnemonics" VALUES (63,'ARH8','г/см3','Азимутальный плотностной имидж (15+16)',6,108);
INSERT INTO "mnemonics" VALUES (64,'ARHQ1','г/см3','Азимутальный плотностной имидж (1+2+3+4)',6,109);
INSERT INTO "mnemonics" VALUES (65,'ARHQ2','г/см3','Азимутальный плотностной имидж (5+6+7+8)',6,109);
INSERT INTO "mnemonics" VALUES (66,'ARHQ3','г/см3','Азимутальный плотностной имидж (9+10+11+12)',6,109);
INSERT INTO "mnemonics" VALUES (67,'ARHQ4','г/см3','Азимутальный плотностной имидж (13+14+15+16)',6,109);
INSERT INTO "mnemonics" VALUES (68,'RHU','г/см3','Плотность породы, верхняя четверть',6,NULL);
INSERT INTO "mnemonics" VALUES (69,'RHD','г/см3','Плотность породы, нижняя четверть',6,NULL);
INSERT INTO "mnemonics" VALUES (70,'RHOB','г/см3','Плотность породы (усредненная)',6,NULL);
INSERT INTO "mnemonics" VALUES (71,'ECD','г/см3','Эквивалентная циркуляционная плотность',6,NULL);
INSERT INTO "mnemonics" VALUES (72,'AGR1','API','Азимутальный гамма имидж (сектор 1)',2,110);
INSERT INTO "mnemonics" VALUES (73,'AGR2','API','Азимутальный гамма имидж (сектор 2)',2,110);
INSERT INTO "mnemonics" VALUES (74,'AGR3','API','Азимутальный гамма имидж (сектор 3)',2,110);
INSERT INTO "mnemonics" VALUES (75,'AGR4','API','Азимутальный гамма имидж (сектор 4)',2,110);
INSERT INTO "mnemonics" VALUES (76,'AGR5','API','Азимутальный гамма имидж (сектор 5)',2,110);
INSERT INTO "mnemonics" VALUES (77,'AGR6','API','Азимутальный гамма имидж (сектор 6)',2,110);
INSERT INTO "mnemonics" VALUES (78,'AGR7','API','Азимутальный гамма имидж (сектор 7)',2,110);
INSERT INTO "mnemonics" VALUES (79,'AGR8','API','Азимутальный гамма имидж (сектор 8)',2,110);
INSERT INTO "mnemonics" VALUES (80,'AGR9','API','Азимутальный гамма имидж (сектор 9)',2,110);
INSERT INTO "mnemonics" VALUES (81,'AGR10','API','Азимутальный гамма имидж (сектор 10)',2,110);
INSERT INTO "mnemonics" VALUES (82,'AGR11','API','Азимутальный гамма имидж (сектор 11)',2,110);
INSERT INTO "mnemonics" VALUES (83,'AGR12','API','Азимутальный гамма имидж (сектор 12)',2,110);
INSERT INTO "mnemonics" VALUES (84,'AGR13','API','Азимутальный гамма имидж (сектор 13)',2,110);
INSERT INTO "mnemonics" VALUES (85,'AGR14','API','Азимутальный гамма имидж (сектор 14)',2,110);
INSERT INTO "mnemonics" VALUES (86,'AGR15','API','Азимутальный гамма имидж (сектор 15)',2,110);
INSERT INTO "mnemonics" VALUES (87,'AGR16','API','Азимутальный гамма имидж (сектор 16)',2,110);
INSERT INTO "mnemonics" VALUES (88,'8AGR1','API','Азимутальный гамма имидж (1+2)',2,111);
INSERT INTO "mnemonics" VALUES (89,'8AGR2','API','Азимутальный гамма имидж (3+4)',2,111);
INSERT INTO "mnemonics" VALUES (90,'8AGR3','API','Азимутальный гамма имидж (5+6)',2,111);
INSERT INTO "mnemonics" VALUES (91,'8AGR4','API','Азимутальный гамма имидж (7+8)',2,111);
INSERT INTO "mnemonics" VALUES (92,'8AGR5','API','Азимутальный гамма имидж (9+10)',2,111);
INSERT INTO "mnemonics" VALUES (93,'8AGR6','API','Азимутальный гамма имидж (11+12)',2,111);
INSERT INTO "mnemonics" VALUES (94,'8AGR7','API','Азимутальный гамма имидж (13+14)',2,111);
INSERT INTO "mnemonics" VALUES (95,'8AGR8','API','Азимутальный гамма имидж (15+16)',2,111);
INSERT INTO "mnemonics" VALUES (96,'4AGR1','API','Азимутальный гамма имидж (15+16+1+2)',2,112);
INSERT INTO "mnemonics" VALUES (97,'4AGR2','API','Азимутальный гамма имидж (3+4+5+6)',2,112);
INSERT INTO "mnemonics" VALUES (98,'4AGR3','API','Азимутальный гамма имидж (7+8+9+10)',2,112);
INSERT INTO "mnemonics" VALUES (99,'4AGR4','API','Азимутальный гамма имидж (11+12+13+14)',2,112);
INSERT INTO "mnemonics" VALUES (100,'2AGRU','API','Азимутальная гамма, верх',2,NULL);
INSERT INTO "mnemonics" VALUES (101,'2AGRD','API','Азимутальная гамма, низ',2,NULL);
INSERT INTO "mnemonics" VALUES (102,'TVD','м','Вертикальная глубина',1,NULL);
INSERT INTO "mnemonics" VALUES (103,'TVDSS','м','Абсолютная глубина',1,NULL);
INSERT INTO "mnemonics" VALUES (104,'RGR','имп/мин','Интегральный счет ГК имп/мин прибора ГК (гамма-пульсатор)фывыфвфывфыв',2,NULL);
INSERT INTO "mnemonics" VALUES (105,'RLDL','имп/мин','Интегральный счет БЗ ГГК из счетов зонда 3 прибора ГГКП',6,NULL);
INSERT INTO "mnemonics" VALUES (106,'RSDL','имп/мин','Интегральный счет МЗ ГГК из счетов зонда 3 прибора ГГКП',6,NULL);
INSERT INTO "mnemonics" VALUES (107,'ARH','г/см3','Азимутальный плотностной имидж ',6,NULL);
INSERT INTO "mnemonics" VALUES (108,'8ARH','г/см3','Азимутальный плотностной имидж ',6,NULL);
INSERT INTO "mnemonics" VALUES (109,'4ARH','г/см3','Азимутальный плотностной имидж ',6,NULL);
INSERT INTO "mnemonics" VALUES (110,'AGR','API','Азимутальный гамма имидж ',2,NULL);
INSERT INTO "mnemonics" VALUES (111,'8AGR','API','Азимутальный гамма имидж ',2,NULL);
INSERT INTO "mnemonics" VALUES (112,'4AGR','API','Азимутальный гамма имидж ',2,NULL);
INSERT INTO "mnemonics" VALUES (114,'BPOS','м','Положение тальблока',1,NULL);
INSERT INTO "mnemonics" VALUES (115,'HKLA','тс','Вес на крюке',1,NULL);
INSERT INTO "mnemonics" VALUES (116,'SPPA','атм','Давление на манифольде',1,NULL);
INSERT INTO "mnemonics" VALUES (117,'MFIA','л/с','Расход на входе',1,NULL);
INSERT INTO "mnemonics" VALUES (118,'CDON','кол-во','Число свечей',1,NULL);
INSERT INTO "mnemonics" VALUES (119,'DBTM','м','Глубина',1,NULL);
INSERT INTO "mnemonics" VALUES (120,'DMEA','м','Глубина забоя',1,NULL);
INSERT INTO "mnemonics" VALUES (121,'DCNM','м','Глубина по свечам',1,NULL);
INSERT INTO "mnemonics" VALUES (122,'WOBA','тс','Нагрузка на долото',1,NULL);
INSERT INTO "mnemonics" VALUES (123,'ROPA','м/ч','Скорость бурения',1,NULL);
INSERT INTO "mnemonics" VALUES (124,'DTL','мин/м','ДМК',1,NULL);
INSERT INTO "mnemonics" VALUES (125,'BPOB','м','Положение долота над забоем',1,NULL);
INSERT INTO "mnemonics" VALUES (127,'BSPD','м/ч','Скорость тальблока',1,NULL);
INSERT INTO "mnemonics" VALUES (128,'CLWT','т','Вес колонны',1,NULL);
INSERT INTO "mnemonics" VALUES (129,'MPBOR','атм','Внутритрубное давление',3,NULL);
INSERT INTO "mnemonics" VALUES (130,'DHN1','об/мин','Ходы насоса 1',1,NULL);
INSERT INTO "mnemonics" VALUES (131,'DHN2','об/мин','Ходы насоса 2',1,NULL);
INSERT INTO "mnemonics" VALUES (132,'NNNKSS','%','Пористость по данным 2ННКт (песчанник)',5,NULL);
INSERT INTO "mnemonics" VALUES (133,'NNNK2SS','%','Пористость по данным 2ННКт (песчанник) v2',5,NULL);
INSERT INTO "mnemonics" VALUES (134,'MGPAA','усл.ед','Среднее ускорение',7,NULL);
INSERT INTO "mnemonics" VALUES (135,'DFC1','л/с','Расход бурового раствора 1го насоса',1,NULL);
INSERT INTO "mnemonics" VALUES (136,'DFC2','л/с','Расход бурового раствора 2го насоса',1,NULL);
INSERT INTO "mnemonics" VALUES (138,'NBGR','мкР/ч','Гамма-активность (Наддолотник)',8,NULL);
INSERT INTO "mnemonics" VALUES (139,'NBGRAPI','API','Гамма-активность в API (Наддолотник)',8,NULL);
INSERT INTO "mnemonics" VALUES (140,'NBINC','°','dsfgasg','5sfgdx',NULL);
INSERT INTO "mnemonics" VALUES (141,'NBRPM','об/мин','Скорость вращения (Наддолотник)',8,NULL);
INSERT INTO "mnemonics" VALUES (142,'RH','г/см3','Плотность',6,NULL);
INSERT INTO "mnemonics" VALUES (143,'RHOBD','г/см3','Плотность по минимальной кавернозности',6,NULL);
INSERT INTO "mnemonics" VALUES (144,'ARHQU','г/см3','Азимутальный плотностной имидж (15+16+1+2)',6,109);
INSERT INTO "mnemonics" VALUES (145,'ARHQR','г/см3','Азимутальный плотностной имидж (3+4+5+6)',6,109);
INSERT INTO "mnemonics" VALUES (146,'ARHQD','г/см3','Азимутальный плотностной имидж (7+8+9+10)',6,109);
INSERT INTO "mnemonics" VALUES (147,'ARHQL','г/см3','Азимутальный плотностной имидж (11+12+13+14)',6,109);
INSERT INTO "mnemonics" VALUES (124124,'21412','4214','44',44,5);
INSERT INTO "technology" VALUES (1,114,1);
INSERT INTO "technology" VALUES (2,115,9);
INSERT INTO "technology" VALUES (3,116,13);
INSERT INTO "technology" VALUES (4,117,10);
INSERT INTO "technology" VALUES (5,118,3);
INSERT INTO "technology" VALUES (6,119,5);
INSERT INTO "technology" VALUES (7,120,7);
INSERT INTO "technology" VALUES (8,121,6);
INSERT INTO "technology" VALUES (9,122,14);
INSERT INTO "technology" VALUES (10,123,11);
INSERT INTO "technology" VALUES (11,124,8);
INSERT INTO "technology" VALUES (12,125,0);
INSERT INTO "technology" VALUES (13,126,12);
INSERT INTO "technology" VALUES (14,127,2);
INSERT INTO "technology" VALUES (15,128,4);
INSERT INTO "technology" VALUES (16,24,15);
INSERT INTO "technology" VALUES (17,130,16);
INSERT INTO "technology" VALUES (18,131,17);
INSERT INTO "technology" VALUES (19,135,18);
INSERT INTO "technology" VALUES (20,136,19);
INSERT INTO "technology" VALUES (21,137,20);
CREATE UNIQUE INDEX IF NOT EXISTS "device_mnemonics_index" ON "recordpoints" (
	"device_id",
	"mnemonic_id"
);
COMMIT;
